temperature,humidity,CO,NO2,PM2_5,wind_speed,day_type,sensor_reading,AQI,comment
6.544193496011898,46.51957648206172,1.395610733041096,70.54460572961035,34.88929370380804,0.2266986470487164,Weekend,144.12155593465727,172.0,
,87.52296991118959,,,32.60326187268274,6.493965405306684,Weekend,113.64676119784264,98.0,
39.297641786717676,62.42042724626782,,84.66649730954629,23.66246849910808,4.7778850604037535,Weekday,140.9720022509723,89.0,
14.32060827309467,60.72156238393013,1.4171701600322355,49.17744618606977,22.97253426918446,9.064196548073484,Weekend,1.2235915526234749,67.0,
23.2050058308062,54.72765795632824,1.931338380653812,48.87096939514488,27.230088997776345,6.770872653777382,Weekday,163.92384327300974,72.0,bad
18.25296658279956,52.57715191780338,1.5254377817459712,43.375242185209125,25.3309528222232,1.9477001430592389,Weekend,36.161764738530536,60.0,
25.10072477591411,37.20834446503518,1.759984580831046,30.73430347536157,33.49484906104156,8.63190806310657,Weekday,144.67576281667232,176.0,
30.22670531359981,37.14351948045568,,29.18544052560677,16.975130948484257,4.523244674127707,Weekday,43.48808503676822,139.0,
10.458848329897677,70.95844489917809,1.7607554472775844,34.0560243899181,,6.482947358806621,Weekend,134.46453350561973,190.0,ok
unknown,71.632426369287,1.666054411405926,45.46453699190987,19.786388307758813,9.84464628492248,Weekend,122.69449522063611,138.0,
15.883462673952856,46.53225933775629,0.0169272145414633,58.17835034504068,32.51265909078482,2.6387179743063607,Weekday,142.9544719937521,127.0,
10.912882044504286,68.95643134963174,1.1188348678005409,49.47608796103661,29.46983726791677,6.958228488361979,Weekday,185.14733554538063,87.0,
32.840590928337605,69.83198241459581,2.083511947582543,44.008365159072014,41.42823791038796,7.734773978348128,Weekday,26.331324587973285,181.0,
22.062127662166713,86.90662883734069,2.132480262557852,61.03497967635813,9.84678274898055,6.709636055016452,Weekday,131.83292080799495,153.0,
6.3058187597360345,59.923804593981984,1.2189845975258315,52.7903355417766,19.64867284348276,2.695246543392692,Weekend,140.15231370475468,145.0,
1.892658616314801,32.91383858773039,1.0462767045946553,48.12518317495712,21.77685957592845,4.69091010453944,Weekday,96.29065698328615,141.0,
25.795183503255366,44.00609523142777,0.6948445075824703,36.123515665943216,36.31198106360442,1.9703154450312343,Weekday,88.30174477887898,50.0,
17.392726792998417,89.3073613409812,1.5652083972072517,51.10035709270106,15.291203441413405,6.313528784640512,Weekend,122.73840862513792,134.0,
unknown,74.89001879509657,1.5243283443715716,68.9305919119932,40.6169215327952,7.457944210356942,Weekend,-13.99709863554166,87.0,
24.337076327135485,85.93094246976246,1.5946474993316593,30.051216607999443,,1.2095360324557236,Weekend,-40.54166657585597,53.0,ok
19.057347403841696,61.37048665094798,1.3843319712768678,44.916488163757215,28.81926812046897,6.527747058358498,Weekend,160.11757575992362,53.0,
50.10306039578804,37.04958170622124,,58.6322588395898,,8.10052939725773,Weekday,143.3849951412332,89.0,
22.788745787990322,71.90497706706607,0.734951835103432,66.83926178554796,,4.884616773815669,Weekend,79.95698743457785,134.0,
6.437624584967205,37.927168144043016,1.6278884338034527,46.97546617560848,29.843932178333823,0.7789110955168299,Weekday,122.50364026993456,139.0,
23.007567638999188,84.53918563523561,1.731829754362707,58.11124156953949,19.423905730831493,0.2892534014514325,Weekend,147.06304310406287,91.0,
6.744738557250418,68.11922210213814,1.7749826827748514,,16.321521871835927,4.323660678339216,Weekend,116.63705233510106,77.0,
16.019237108238983,85.75577044885111,0.8682624505475202,47.37166401231582,28.14643018372776,9.245815766611328,Weekend,155.4740515071551,118.0,
11.559617729865048,,1.63907958427196,44.506861398639806,37.17007480635922,4.651469072805533,Weekday,45.78442779965983,66.0,
9.609292493858101,54.05392079243006,1.5688571886244638,75.6304166282049,32.525804909091725,8.63868185321569,Weekend,78.37954852615161,197.0,
15.296124115415513,85.06035482406585,2.569762345310112,15.36269291821174,31.40567565959457,9.686502489781164,Weekday,136.47039345515293,194.0,ok
29.3460263733434,50.90019986471732,1.546158055296722,27.265348066837436,30.190542575957828,6.865832257721096,Weekend,126.28212668025884,133.0,
5.656726371761565,88.62546042582872,2.399763650224708,20.650605520822364,39.82268165845962,4.980144027222359,Weekend,132.31627226472744,62.0,
14.896320425810055,43.74021357357654,1.4680714959132684,8.729378865392171,28.90955321757486,9.331795435145937,Weekday,182.76274002693705,176.0,ok
28.821100404907497,36.54631772626808,1.680113378444302,49.2940391484493,30.398644491433483,7.036700075695296,Weekday,117.79557875789357,127.0,
16.554070602018328,33.580728946630295,1.6780240718429886,40.55352346227503,3.945668554344991,2.562893592946869,,93.74092904495058,64.0,
9.502212851343746,56.607809164011584,0.6844423886383707,47.50456611983612,14.998097357509549,2.765641524963569,Weekend,164.19410120606418,133.0,
45.372575166432796,71.11766063727868,1.263068027508721,45.94940892625781,33.838907220100126,3.9264164787253297,Weekend,125.11144090366764,78.0,
17.884275496015103,30.155247407655544,1.621227317527232,45.37132038585881,17.13707741508239,7.37511421140093,Weekday,97.3395162904223,109.0,
6.404738426254832,59.90855062939799,0.7752309557080909,27.474261977450283,17.36829541991711,0.5632697213765536,Weekend,152.4452146534934,112.0,
20.423468108697058,42.022777614418175,1.8641632543113185,25.96991989927033,,3.433347575171246,Weekday,124.05930738505008,182.0,
30.67450962097449,56.37505562217677,1.2691455443794268,13.871916388171762,9.89565443588373,6.524794118321688,Weekday,124.54303669569228,163.0,
16.227710036994964,61.99089147755628,,59.90432847977017,13.955920061294709,6.539578240648058,Weekday,112.17211313771716,197.0,
8.499097567418152,46.053900705364526,1.6125526292723618,41.50191195641782,,6.798088540396362,Weekday,3.5043619926967864,118.0,
29.629333413121763,73.75850224031439,1.1708527026611577,26.179479711030808,22.279171075671144,0.243650023211327,Weekend,30.83645337308458,77.0,ok
21.096166067004766,31.524576334835608,1.3372970932484791,60.13703895273184,9.40904419808805,9.280794922330122,Weekend,101.93422626858744,151.0,ok
19.22367273334833,64.02365418197093,1.7283779511654649,50.201048499278926,22.379102191632136,9.92188731293654,Weekday,130.42669461616626,52.0,
12.029760170263177,73.64610178263096,,20.72412129013969,33.54796382264579,0.7159977935576556,Weekday,109.44311667337809,72.0,
17.0713871285793,53.91023634310171,0.4707987329587024,24.69926509532124,2.0317177633417813,5.268367119496277,Weekday,86.18983088468154,86.0,
24.985542443961414,88.02492679940865,1.822127477142396,58.75118468572032,12.440988642706674,8.162801451502029,Weekend,85.32287972922695,189.0,
15.216096373631427,46.77438082763527,1.6291315265355604,35.99220960244975,38.18204318876731,7.09967002030112,Weekend,60.307431422231176,109.0,
32.29630061279347,84.84895375339221,,44.89711973108084,6.560410063887158,1.6518296005816957,Weekday,109.40615971349906,135.0,
unknown,89.00825000608808,1.7513429291756513,73.95659070755423,27.587676293647856,,Weekday,119.79830682282996,184.0,
19.612342318506737,60.4592795978423,,,33.97485895804922,9.355620112697927,Weekend,37.49750786908376,72.0,
33.60189849369084,49.94440588404751,1.4350180008318014,45.54939250122956,29.680171370023345,6.311190374724727,Weekend,168.19034801160294,78.0,
8.88089903591575,82.78708523034553,2.1128104358423605,50.04420544695547,53.14760270910902,2.716310388223243,Weekday,128.62370470592597,96.0,
17.69809201417741,46.72112778749795,1.808601541469553,57.615953813376485,26.32449094463962,3.0752772639604387,Weekday,149.2775499344294,102.0,bad
39.63304999343575,86.1367718497645,1.9620992872264384,56.063398654226646,12.28767717386111,0.18193864124595,Weekend,88.48698912885183,63.0,
3.2082238159270915,79.42211647131879,2.056361538876182,32.2778956322095,10.677931601156596,3.644515410609276,Weekday,137.82739036025197,146.0,ok
20.22877652146048,88.4629029512744,1.2273390094082397,35.91737144854567,27.10037164845778,6.877811214776361,Weekend,40.71839773472974,137.0,
10.454174063253403,,2.17577967302836,40.23810335569974,22.92956248772107,6.413104957506716,Weekday,221.49927610325383,110.0,ok
23.08670150239307,88.90608991231574,0.3017602213848611,43.902593810098026,50.97698864269748,5.731535717691094,Weekend,20.94402024282195,183.0,ok
36.07414615787168,35.51646893576012,0.2360504406853456,55.99755407640218,44.97597610913152,9.268413428766491,,-14.272973131862926,177.0,
22.233335001792486,71.94697078460703,1.9218180908642308,38.66941997891926,15.234441712531028,0.8987650228834676,Weekday,113.72255010878872,110.0,ok
23.621185821954725,80.00897567442829,2.1760079468662403,44.74323904372064,19.40064387724392,0.8814608825283754,Weekend,132.38543804071506,96.0,
35.75123457907991,73.91231502786749,1.4945947045849493,10.088500512785291,32.886366490148674,0.5303697105431471,Weekend,13.42585032009083,184.0,
20.24501842069311,31.85822139870137,0.8415233391153203,,29.5324950449087,2.4117557739517883,Weekday,155.60357029766402,195.0,
13.772702675854662,59.96089128116495,1.4332593379692442,53.69283955017835,14.51056562375525,0.8046203000872221,Weekend,54.63256753773599,188.0,
21.78040436686481,58.56373965907768,1.7829703683931362,45.43981040222842,27.78772126932214,9.699707059021382,Weekday,130.4859738621458,142.0,
30.18051897937077,52.648999774277314,1.9874575406930683,40.70883296292949,23.69062591590305,4.544409553257295,,45.43633748157077,123.0,
14.127679064161121,65.77737852754561,1.5460579217335289,23.490171217506525,18.85621243300142,2.2094827945032547,Weekday,178.31764117213632,87.0,
unknown,66.50642958626159,1.478258113559008,20.989178032311823,24.63262851623935,0.8901147995389314,Weekend,77.8083298273722,137.0,
unknown,49.64874111757737,2.367854389102585,36.57008271293097,24.81612368667353,1.049380497171324,Weekend,80.86665699504721,181.0,bad
33.27988585131921,78.84893488435208,1.264821334314464,50.45766100417793,46.17959846340362,5.9557467820475,Weekend,109.58827523427698,162.0,
22.63848961200328,82.6313140469065,1.746903931962556,40.1387111186938,32.88810938820659,5.940054846887353,Weekend,69.98777687626206,111.0,ok
unknown,86.01150580944199,1.8590335419219797,16.75361642536283,21.05406164821274,4.960959233513112,Weekday,90.99752393943568,101.0,
20.729167217166257,51.53884996215088,,44.3608018481258,29.74664021036129,3.12530542182491,Weekday,39.39217458211064,175.0,
20.199057581230168,82.72407060777736,1.399311393909748,36.36287267680579,9.850137411252094,3.129188160883196,Weekday,132.2854490264848,184.0,
19.196883703628284,32.53761955773142,1.5963405200041565,8.881878924348026,27.10836921504737,2.4464306348825007,Weekend,143.1791208994557,76.0,
16.619920153701276,82.9050737779908,1.3993079772928705,50.17191344354266,16.067451575816055,4.25015586544565,Weekday,92.84950643473108,156.0,
14.228058661608276,40.20712261830781,1.2925397840793034,48.34357529299066,25.60755675463127,9.484390257674832,Weekday,75.25403932094592,89.0,
26.281042980868193,78.5061059558088,0.8952214127788335,39.64138264958578,38.0484055104088,0.8434444173827027,Weekend,51.81512215012034,169.0,
6.324847418210677,38.15531748244437,1.7705886268165665,36.90531593149286,20.251186954510995,0.566851709677858,Weekday,71.44415895000601,164.0,ok
30.558390551203093,,1.3869089056968509,10.286339031066774,27.746318240402463,8.595651188781506,Weekday,175.1792058818771,105.0,
41.20763455909405,48.77255542093798,2.169386827459723,55.09052356658639,20.939726128053746,3.1845204043376905,Weekend,69.71899432123323,117.0,
21.126840733836982,33.21204684015038,1.8203659131750327,28.97526220735414,17.03873265291825,,Weekday,80.44184673440134,196.0,
3.8921017187949616,30.99320329809749,0.4457628227238388,22.96986739940723,30.028781893275948,8.579163918822339,Weekend,-0.9629624391747598,126.0,
34.39408439669732,54.53176798183752,1.786308003649666,21.831673541632306,29.742175696221334,1.157845288538919,Weekday,134.36081760968042,79.0,
30.241366402573373,70.7167739538622,1.1411760051868134,56.23523610575928,28.08251870499639,2.715203870076092,Weekend,38.20510452831538,69.0,
39.12398484078037,57.50622855510606,2.2151319445033213,52.90111114897388,19.547363746396314,8.597256217079872,Weekday,44.7913268115482,94.0,
15.353771037605544,76.05360890579975,1.6529763425869768,57.998781725792746,28.187034225945723,3.149508559761548,Weekday,207.56924536442096,86.0,
38.566596809163855,73.6379229728734,,38.11157150277604,39.33878301351012,4.0236062201827085,Weekday,4.601691157813832,182.0,
27.630264019021,35.39517268593834,2.2075895245826778,65.46497383475106,24.35827559659987,8.300899790934936,Weekday,172.3207034621181,120.0,ok
10.162989109103089,65.99725777425004,2.0670736546048643,37.4118270913846,27.96393954706669,9.67605479446802,Weekend,117.97420372795224,149.0,ok
20.104599759080802,62.79899431397244,0.962406202628338,30.50452073764078,27.584271274191234,3.70469639278026,Weekend,75.76884571929995,151.0,
14.552574598377385,79.10498269389294,1.1113617876620636,50.62442732973695,17.99085864551692,3.2803995088943583,,108.93753816037352,155.0,
23.33079542225967,59.41772037526714,2.248188207441017,50.42106036476728,38.572925371067086,7.681011962458079,Weekday,107.55054243905175,75.0,
6.202782418446846,51.603709734240496,0.73838403977826,52.70546439881009,26.871113614965523,5.917172626801462,Weekday,111.12907559975942,109.0,ok
15.29389404839391,74.19677985201548,1.3580823123323795,37.63068146506667,21.43574348895012,3.932407248727922,Weekend,74.93766229803725,152.0,
9.229499663169262,46.10894575309426,,36.91538768906869,31.395211269436587,5.65736044631259,Weekend,111.41920850921716,152.0,ok
27.462127603127122,,,67.17870217347672,26.87775586567039,2.562101890279358,Weekend,83.5939510268919,173.0,
37.84389445624966,32.514813953554274,1.8541942649112813,35.936692919907664,19.37917613639557,1.0092943348056391,Weekend,87.15795048760748,66.0,
24.920064844945156,80.97751584648091,1.6123210907818255,23.335111409514216,19.506844091899023,0.4776737554543042,Weekend,214.0160631316612,180.0,
25.01463581868252,44.51354137920824,0.8171495509849817,21.843870018418315,10.280310094401353,6.426152807454471,Weekday,61.63398265144169,102.0,
32.9675628845394,80.92034745789408,1.385342128508111,51.01935315566415,28.52696443471038,3.1897305443678023,Weekday,86.0921299890287,72.0,
33.58724031669947,,1.5526572205016185,43.10772501620409,,9.073738102361483,Weekend,112.08188712910588,86.0,ok
unknown,,1.4549908217114775,52.05462544204085,,0.0347238032223184,Weekday,71.16147567693555,83.0,
18.302091469160302,65.66592006574172,0.6686606173265214,41.72242402929293,24.007783196458902,8.048153632629855,Weekday,45.16377994884427,92.0,
29.480591589749203,59.48790751888832,1.4874447654386995,49.18233486893014,27.038258210436386,3.956715969442195,Weekend,138.97444962535317,61.0,ok
18.54629655815879,,0.7927086743876378,41.18792940747708,44.20907703000748,2.274634818876536,,118.13826109442137,166.0,
3.3293379664213703,41.05014648839688,,,31.381886848773345,9.85632022209114,Weekday,137.07049106674407,141.0,
10.6406864625455,56.67499205550483,1.1028110254805994,27.0126094872446,,1.1588834677200266,Weekend,79.40562481023417,60.0,bad
28.651543479666405,40.85927824375128,0.4876342668135596,56.745786884995496,,2.8578751410702194,Weekday,147.95940800998244,105.0,
29.845120657711632,,1.8035806043118945,,14.692573914106571,6.106622164451476,Weekday,151.98075032185622,57.0,
24.499175973561407,61.41449567938052,2.376299031444132,49.72649951878699,15.118221608274917,4.048605487886324,Weekday,185.5053543885301,160.0,ok
unknown,76.40190866136172,0.8236317150877958,-0.0680740138051874,,0.0498400272791788,Weekday,16.273633834254653,63.0,
17.28524076790349,42.81547358406537,2.212164116802505,32.20746911595044,6.899802120749566,6.201608003288715,Weekday,232.31558496112052,66.0,
30.41912542334179,36.86242553605277,1.8258957604978072,40.994122168734265,16.498612477933683,5.525199008849758,Weekend,90.0311070661575,146.0,
25.31082083272686,58.32941946644631,,45.77824586773647,19.68005059526664,2.97180666470233,Weekend,114.34061913374644,155.0,
22.80977192869968,,1.207560627601557,30.542140716480912,,9.340747241660264,Weekday,73.94484566609412,75.0,
8.344181044153924,38.71782763495909,1.0905989126718705,,25.371146233088684,1.7386348835401155,Weekend,94.75358979629758,178.0,
18.40867333219538,55.18694970343008,1.9869110475466296,42.248275224525656,27.851760871254044,3.979943777006037,Weekday,78.5435986271499,104.0,
-2.93463695649805,,1.8062136701686868,47.77932819167347,19.617484841747395,1.1808853787788332,Weekend,167.44186436901694,98.0,
unknown,85.23414639312509,1.3518595615930948,49.48421299985461,29.028935909931093,0.3439540675350905,Weekday,207.0486451419792,162.0,
30.396995781287913,74.84785344349625,1.236726578352943,33.938983362726894,24.00601130539629,3.333838253046426,Weekday,103.56798172265653,179.0,
28.270942879765222,57.46672822938194,1.5964583725038668,32.03692642732609,34.32469858339324,5.106283296679512,Weekday,174.09438779143375,148.0,
24.29560629526371,85.2719564880708,1.392835185793782,37.890722569591965,14.94640177140978,0.8206139410185131,Weekday,131.515458150185,165.0,
15.617417857584552,70.6233672800832,1.2710179702598912,52.86172582172305,42.89624382569436,2.393631241225773,Weekday,116.79950878487212,158.0,
11.273905534888017,76.24242118134734,0.590556520750962,37.640238974069845,10.04479454271544,4.784682393780807,Weekend,88.6254355400002,78.0,
38.975169842021074,85.21277248133637,0.7087315874790449,62.77427232631194,25.986085031069894,7.615297679687462,Weekend,55.29394943013571,133.0,
21.901535018092716,58.732324598576106,1.158630762887856,70.42699873081622,45.97496490507922,8.919695363298692,Weekday,24.497550575052628,165.0,
10.12960179689098,70.54099146336247,1.966261026262668,40.83249226569912,20.91433473490765,4.87120064107796,Weekday,102.21892784028428,65.0,
23.361126804045007,69.06354987560712,1.328050785069435,24.44485489234716,19.254099689725383,2.880699546522849,Weekend,156.16945697270177,105.0,
24.15795028351502,62.01842579517736,1.6222746332008011,37.95953864988852,16.389952849444438,8.459049782845923,Weekend,125.4139130814962,165.0,
19.983830476175374,78.81027896419062,1.517003263592707,53.7154355952975,11.972738590862972,5.286697672759123,Weekend,44.67398014052615,149.0,
19.645125469186365,89.28671580459486,1.1699331483637607,46.35085639541841,,4.85783340261928,,32.6332817947723,75.0,
21.440844073927597,30.24300842914688,1.2290472866945463,30.776925006323395,15.37127206735953,4.831262652136727,Weekday,118.26792738194004,67.0,
22.825575768141217,78.31708057966,1.6609906771811205,42.80090960482404,22.950922911970597,8.659324721874778,Weekend,62.26869708123058,183.0,
39.25691549483366,30.73225168275154,1.0445232197944858,32.54231988287687,32.08465830986576,2.1323000751967083,,101.63865925610834,85.0,
34.18719446517938,78.35513751208856,1.89084802774546,14.643577761920778,28.11200743234662,6.06152792578161,Weekend,68.25709703039975,70.0,
23.363473205701197,36.611288015327005,0.8263121714749705,14.789684916660349,32.03501702595386,1.4738776292721212,Weekend,126.24067187780204,178.0,
unknown,53.71002181424555,1.5331319793359732,23.9877191600337,16.624514669606196,9.510370508819552,Weekend,84.69532779868807,163.0,
28.65799620346535,84.72330391585268,1.0585131078539125,47.907778113324206,14.771470168385544,7.109785472569183,Weekend,92.59800066793228,61.0,
26.01718191142648,50.92654641917131,1.726984725834926,24.816925216190285,15.429025580682383,5.750923230003966,,66.29950790672825,113.0,
37.76821349161935,67.91835183751877,1.4693818877546505,71.24517043301907,42.43050136617654,7.199264897276522,Weekend,131.85303088816906,93.0,ok
19.335449622674815,75.38788189594997,0.6152417801407019,29.869099856649047,3.0855930651084016,6.680147750520181,Weekend,67.59011030968597,56.0,
17.909780658744573,52.42881232321878,,33.86044382186951,35.14005564153639,0.1125612391161612,Weekday,104.12556621801532,115.0,
13.025079375027646,89.18335515290727,2.1688968586416646,,3.505352595657911,4.111823804937679,Weekend,58.08718071315403,119.0,ok
30.041256510662556,51.28166817815689,0.9867946900675978,39.37489552593686,3.7375772079089415,1.3031267948944103,Weekend,40.49461533703387,180.0,
28.166704670947652,76.00878377028207,1.8283718022956983,16.95441700556539,18.211103499552177,0.3699733678573813,Weekend,74.51297319214075,65.0,
16.629274938488347,49.18122392350631,1.667510504893804,40.79501212342615,11.97611715795339,1.817674670664523,Weekday,128.46324173713407,114.0,ok
unknown,35.484307602021694,,55.495243802416425,36.76203697148988,5.845547754525436,Weekday,55.21608189376164,76.0,ok
43.62228716788286,75.33261468267781,1.5120212287845916,49.98841380147775,23.467353904822517,4.797586360946752,Weekday,0.6726871571835602,137.0,
30.322730422423334,,1.8215344067600627,16.30068926928579,19.317787052458627,3.163595354085781,Weekday,56.45886466723853,65.0,
15.358369749512313,80.46119056626759,1.6950411368700244,29.92156334144704,22.72061468641338,1.5771658342118775,,16.907311200231078,71.0,
36.32451913462328,76.178743730967,1.0414504587400566,16.849050236732026,50.74702148667084,8.181833540263717,Weekday,74.37264684089857,78.0,bad
16.889902961330456,36.0410325425492,1.2453677072852427,46.11973136331804,34.40223433161498,5.584619599563361,Weekend,132.03532896279108,182.0,
21.90909708013473,85.84142133705558,0.4809496579143901,38.25225663544241,41.715594563464016,9.621052439103606,,55.08871035972828,188.0,
16.69498697675248,84.21352636709952,1.4115926123795584,38.74344479565284,19.99543810858389,3.8554139148320186,Weekday,189.3497712244792,82.0,
37.19153713627052,55.630741935408736,1.4750248338414094,55.41666551966329,24.58993807993856,3.5018431017897456,Weekend,79.09052684305809,100.0,
8.648525273857055,81.36414660545859,,44.16125272092754,20.100981098143667,3.3478379404982617,Weekday,83.85201505173843,169.0,
21.57578845868694,42.17160082724016,1.9255009856876608,33.737917797778515,12.371613700210403,6.963390817928163,,118.43628434778334,194.0,
29.764063401008784,74.30970832603816,1.4964544911264297,43.16699048526859,30.951747592905956,6.722828835312022,Weekday,111.62660413541694,52.0,ok
21.6038397053493,44.009575789588496,2.086438758987641,52.42966372528253,8.387199565392333,6.380839569337194,,122.7043105337866,167.0,bad
4.287156706905048,61.76981935953161,2.7843633687297125,34.92447590031509,27.572154862583137,3.099254621081633,,46.45737425707469,57.0,
19.096336715953285,70.42176093856398,1.010297763418084,29.06216129312839,37.71432676400132,7.300859623145904,Weekend,41.430825370790615,188.0,
9.971874994161759,52.81534173258272,1.184469670540861,11.117917084266177,38.6584671944149,0.6265723954646263,Weekend,176.06248274591985,135.0,ok
36.33882938125867,,1.2178172705956882,65.46217264975077,7.483936010136489,0.7074530485965835,Weekday,121.85723305013455,152.0,ok
4.066120517552365,,,25.58251115785008,31.648531643180647,8.286312256304743,Weekday,220.29559446106504,52.0,
17.95379001503359,66.79234717039398,2.12206791390463,24.845148863748683,33.678861917296786,8.877452489311658,Weekend,71.38113108803907,96.0,
23.509316393447023,52.15322253521964,1.3852917861908685,66.78327815274349,20.6727346507503,9.982826436036982,Weekend,89.77496251246367,139.0,
26.572940138064663,30.40695150661064,1.8292017600135075,35.8976798371922,,7.686952160202062,Weekday,170.69670914889377,142.0,
30.5481302055654,81.496961218915,2.020165470163948,53.44664500586747,28.12828063150923,0.1765519993759423,Weekday,151.24859033516108,157.0,
21.30863719259971,39.36378131876113,,54.68586400635783,30.47719026090989,3.9125590241563546,Weekday,167.88544757629722,104.0,
8.705364731432777,79.29833361099071,2.192566679821424,15.287271932776209,19.313694189819664,6.072006864779846,Weekend,76.50544443564392,111.0,
10.087217873935574,64.88998919905454,1.4297437217741522,27.161601236017432,,0.4540353023536148,Weekday,79.6378105026226,68.0,
13.595532971794913,73.58882605134583,2.110090244441718,60.155104056508094,36.47167418133243,7.590546950171665,Weekday,36.80039337689976,67.0,
22.956206592823655,54.16398833869367,1.4374088937794394,50.65384919012021,45.39487553492697,7.261033689079368,Weekend,142.49817525571598,62.0,
15.593885171629289,66.08984511784453,1.5339096112665291,79.77679958358833,32.81345945111191,1.968953013006273,Weekday,221.9920365032232,198.0,
-8.271042804889007,66.35891096856335,1.8200896853606965,59.255830926068455,39.84467502561347,3.406403445707024,Weekend,104.24458837321248,79.0,
33.3480159007435,,1.4580061110180178,55.877301632471735,27.575971519359666,7.528786590030245,Weekday,34.27688264896757,146.0,ok
32.79578230870615,65.71617816825032,1.3389116354504331,71.36079797128598,29.354263726831928,8.820105481076112,Weekday,103.5651313440639,104.0,
25.70505920552452,67.98741655899221,1.6387581788519034,11.401062844800588,37.5672027873101,8.124378260913264,Weekday,92.49022000499366,95.0,bad
36.63885874549676,89.20009627483373,1.3508543650462854,44.59041324354362,28.695391546591352,6.071076911553,Weekday,110.52177193480183,157.0,
,47.211028806670114,,73.45212218497821,32.470997849933795,8.177575354288617,Weekday,139.3421201642697,136.0,
21.386818731437597,52.068241148168624,1.4527948948171905,39.410519184397344,15.094423038075432,3.743575473176861,Weekday,193.77837246181736,130.0,
22.199462660965537,,1.930095967443812,41.56163726707727,10.268432496912473,5.607958138530265,Weekday,69.48436026090484,71.0,
3.0558548745341447,63.17328139096163,2.4500228961847506,54.53760790952866,13.26866708741586,8.834328421442363,Weekend,129.84693713996768,140.0,
-4.826878500235065,,0.8272497627772413,54.22166697227941,19.37797577501834,4.746983927455587,Weekday,74.743891570531,74.0,
11.621746542482065,47.76611672784853,1.024420369851846,55.93537171096719,25.96272012304341,2.5856357743860627,Weekend,185.08539916143147,173.0,bad
6.468191464658165,78.22476956063602,,47.01936264741582,30.155813567094363,6.999582075756324,Weekday,138.79177040171885,179.0,bad
11.29723671277549,79.66468937668026,,36.78749461314741,30.28712005918665,6.411606717295064,Weekday,63.3664429186196,114.0,
18.970132821247695,36.44047142270342,1.4334369942891778,45.30372777630273,46.11349007649635,7.6333587652754495,Weekday,109.6871544426175,184.0,
21.249664809057347,37.80195892990387,2.059841058067579,38.73720425453118,3.579732589925012,5.081616915688714,Weekday,34.60396073188731,165.0,
27.306199903294,30.32328637487111,1.175002626078576,38.095736612749405,24.947045752132567,3.684483916412117,Weekday,115.76479503339424,120.0,
27.941422025435187,44.80114759475213,0.1686579371953964,59.0258178159639,30.861559876410887,6.247544899222136,Weekday,85.90947154648715,86.0,
21.634222704886454,39.84179500827779,1.50681473274217,28.94003231612361,24.594648547881324,6.386950085952869,Weekday,118.57157300380288,126.0,
23.036225690873845,63.71827379244746,1.2895541166562847,14.90630656159902,32.1539721971625,9.506777954650325,Weekday,52.3929439474589,144.0,
19.256148464280713,30.408158952814667,1.2209695194292955,40.86428898757488,30.770362164599085,9.081634402578866,Weekday,-22.217569173008144,109.0,
7.680219539015855,,1.4846813863235149,50.874215320828775,33.80179188212078,0.9105087023398606,Weekend,133.16020868354263,158.0,ok
30.86136324806555,76.31336072459632,,66.89497597973543,21.90689027392481,0.4449904316418795,Weekday,123.83297905936196,75.0,
unknown,39.07990653615967,1.8505771684182255,63.97294634346892,9.018608598922096,3.5179769166399275,Weekend,26.62659123503116,164.0,ok
19.28258835100054,84.17319053062383,1.2834034653248936,18.883471590468886,30.093722713622896,2.984826632201274,,121.97149361264415,95.0,bad
24.59167005908072,56.99097675571529,1.6644612742040763,14.997476699398476,46.57813353872502,4.070045714921118,Weekend,24.03154009319581,166.0,
22.1888619534976,62.651748016049766,1.7542905546244358,44.75331035482879,34.17931388430476,3.2043189182029472,Weekend,184.24676275651035,55.0,
28.22638263410007,85.8566777946442,1.2487288247365056,65.79588389458353,19.592876427594945,2.857237154742891,,180.7721368891669,74.0,ok
38.385934944999185,,2.275333791749155,38.027513383463166,31.39302870515511,2.65209142809961,Weekday,52.22498899889401,195.0,
25.254293350763408,,1.1093085765006396,54.12015962307388,31.836315531093863,2.037783496270377,Weekend,64.85231621632454,142.0,
12.837959933539473,30.62804826846676,1.2867205457152864,48.472298353262666,35.270593391343986,2.199211638828406,Weekend,71.84888403642051,143.0,bad
6.552085851150553,,2.035858657801856,49.41602438101374,,3.338486938390106,Weekday,183.0020703325166,175.0,bad
12.28206947704807,51.150990344462514,1.840772987260046,20.32637585216095,22.24749931101764,6.452311216434456,Weekend,113.74558958732948,98.0,
52.8022953091244,72.93333544801008,1.4518046608440025,46.23316041124857,22.368589428814985,9.913276346528464,Weekend,76.12599780412332,149.0,
17.839998954654593,60.09437609747569,1.7174219287214054,22.48193634485521,5.305585739991965,8.51791865637471,Weekend,90.92113383553246,139.0,
29.579439040725827,81.97692950162065,2.2632707857808523,77.81856230600998,34.65245780609616,8.657663474055145,Weekday,158.3037077473836,158.0,
3.9716348610152927,38.11570522163673,1.342728058982165,50.28019680166363,16.69756282603206,6.525469849650188,Weekend,88.93878829566944,74.0,
16.089677844400654,31.650321909917988,1.5557434277501092,37.03967316296746,10.51544795493707,3.635273016820162,Weekend,110.02898989528998,185.0,ok
,53.0291740039415,1.4961557330101969,48.462113884484346,21.954292289253686,2.8120019268012952,Weekday,115.94439611197797,195.0,
25.40026426781162,,0.8033154855044798,79.23860551185643,35.98400490276235,1.551813984188497,Weekend,102.97853598177696,52.0,ok
23.03494733693296,48.276087800215535,1.6482175553192953,,33.2165058523118,9.221670761132811,Weekday,164.8525686507619,76.0,
19.158030785692485,82.40914485171564,1.2815319344733174,28.204063366645173,22.333010346243103,2.085934000113472,Weekend,200.9629419594242,108.0,bad
23.71177504741113,78.477739177596,1.222403087851897,32.41469382096013,28.278400703727293,5.93490778557743,Weekday,114.635773445557,58.0,
17.89658906509874,54.667391665955655,1.0865189894729257,35.79860843021227,26.676772477883954,7.857269620173055,Weekend,92.7864574066648,198.0,ok
13.816135905234235,72.45490541616778,2.0072345362181494,17.352392784013404,24.319343435918825,1.9182380219398176,Weekday,81.2765538225908,171.0,
13.831276731552961,41.96558800616958,2.0014770459619022,35.495040082198734,10.429645957950097,8.559269542650163,Weekend,30.11367300059439,115.0,ok
6.651225220229495,67.28311224784969,1.9339960248593824,34.24596705473989,15.54106653281872,9.627556095264234,Weekday,-8.467440198089292,53.0,
27.38742984452442,75.88584089950129,1.8275842582480597,39.82679838273283,30.27234500029282,2.4284182478938634,Weekend,-0.4420781014611492,64.0,ok
28.876767210016226,80.28307002953741,0.6566848012995923,,33.55173501360411,4.571386183091337,Weekend,59.83712739604288,107.0,bad
unknown,58.280692839167415,1.8766986467655171,47.70786069656102,35.93067785078482,5.621339481746583,,123.70612108582242,155.0,
31.696698278709306,,2.1011854613025114,56.41981349359021,23.015847723513893,5.331838135231543,Weekend,69.25440299181507,163.0,
37.84873947273318,32.39683684342997,1.0304025834112092,36.57996732408395,28.770847912272444,9.439776483685144,Weekend,18.45853291870459,196.0,
15.322631955176886,60.40089418506992,0.6910807631625592,52.11031211093506,35.250416786991885,0.3807274313857534,Weekend,84.95913879091819,71.0,
28.77286520357012,76.50881541305563,1.4875686498620178,32.236118349213186,8.849749297868094,7.790179048954771,Weekday,90.8917622295134,150.0,bad
26.450527111084753,,1.2846735457576683,49.79220544609113,27.14969015866805,1.7322719281032106,Weekday,140.46423197311657,145.0,bad
42.55276362590473,61.53050467255211,1.0694384823929517,46.9809815323579,24.90124135558944,5.523832004136021,Weekday,128.724193701732,123.0,
28.339334723608353,43.02212513076688,1.5025577822463454,52.02776737818039,34.03669395525245,8.007007050730689,Weekend,128.6960969232471,130.0,
6.278998720293515,,1.2424951906077557,57.62269396475322,27.265655402293287,6.572577240631992,Weekend,132.2991338122797,166.0,bad
31.018275202633838,41.66770149633219,1.3391311990900825,31.608547179289623,23.025437855942258,9.850105598456215,Weekend,99.79240429739968,178.0,
24.674725011463003,40.55186429706273,1.1929317319696875,,16.67280124847231,2.1379061371873744,Weekday,132.87366568626268,152.0,
17.415672532765374,73.81592437641221,1.4385873457374247,43.87764131749094,22.40965998819582,5.184031999326422,Weekend,,107.0,ok
19.912290082002734,37.45223968708044,3.023137164153228,50.90961695365005,34.851270795012184,9.020909033459466,Weekend,103.46315573024668,128.0,
22.992609085601444,84.84587008327111,1.8716146481611364,44.244104118722646,9.529013356914666,6.613804331192384,Weekend,84.35825096666318,82.0,
2.215177792374309,64.63171517727197,1.075661793994931,37.02058893139975,18.06765942612052,4.650326799373337,Weekend,125.76006338392776,189.0,
21.697738446405655,38.08423168118698,,37.26804879996413,,8.49301920650478,Weekday,127.1950203742752,138.0,bad
21.667103266399703,32.49947086824551,1.6816765283758537,,33.895318791615004,9.605932232652552,Weekday,78.71317293387176,136.0,ok
21.718423946260213,44.12445331725698,1.884722317206673,25.665365232788965,17.62909008557326,8.859086212308176,Weekday,143.82322383483742,186.0,
10.443829567436234,62.85135926249983,0.5598550786802181,58.93538963484647,31.832690819502307,5.440081791949182,Weekend,209.40847252689636,57.0,
15.758209224097332,87.04935512956578,0.4974145824691467,42.766350687845154,25.686533020760077,3.904491462315808,Weekday,97.60206995333353,82.0,
22.20224905306017,70.97897139279024,1.501914926771929,43.57882275044517,25.734593709748548,0.2641117586154018,Weekend,175.91536005661138,82.0,
17.984967537392972,50.75096025638821,1.6936761502060826,35.76230653610461,19.855289426906573,0.6544977316619804,,76.74181320773592,175.0,
32.652972201423964,59.22103630765034,2.178656839230324,16.818086829273405,34.88793712871605,2.5881202795434124,Weekend,103.16594611536055,128.0,
16.434743594213725,32.53042983511497,1.5087079450159118,40.08083571169669,31.72606899119465,4.120090889811915,Weekday,131.42744064256263,66.0,
27.679673162011724,51.55031323020333,2.1938823467192754,36.512650886400486,30.787494429988627,9.455908799210276,Weekend,98.33605422780828,183.0,
30.61554216555038,43.46804579010665,2.0677536112618773,24.01406979330376,35.62371755514856,0.2744265710746574,Weekday,124.4352000235092,83.0,ok
25.775349949566525,72.37065235569028,1.1995108541227546,38.11691839339072,27.62418587651541,9.886050752508291,Weekday,39.21504249751268,115.0,
29.204722375821966,59.16875557178636,1.628292794770263,24.31566941789373,,6.170367609006126,Weekday,72.24489850644497,120.0,
2.738955094316484,,1.7024525988950925,51.047846810985945,19.69672538414534,3.916325743851152,Weekday,152.186571826195,199.0,
15.718004318004148,45.97624161061553,1.135285975167696,35.425549040435335,10.159851720535748,2.0793059859779293,Weekday,150.15978119604117,84.0,bad
35.931586433745174,89.69787373661109,0.5535263126363189,,27.977333130011782,6.666384945921381,Weekend,128.22098584942736,188.0,bad
5.412986702938902,89.66757628986365,1.6786913368157124,34.64931741248552,33.875547461381444,8.363537557621921,Weekend,105.1697833121592,87.0,
17.532376631162236,71.18280416798807,1.4563616359890337,,24.52599991731748,8.677346096758713,Weekday,127.92247832527312,79.0,
unknown,37.45240190975679,1.646994509921064,40.19567212969299,27.634479134138797,8.998902526289761,Weekday,56.00889993408393,143.0,
26.201765192663107,69.65869348136309,1.5304765663316249,30.602648444848185,34.16670505275919,4.810361283663757,Weekday,132.72213809384797,140.0,
27.703833948408445,30.153252123381723,1.200647187868661,28.363885035618825,,5.729257051599529,Weekday,82.78306496739425,73.0,
22.83420132907877,35.79896770668214,0.7563204233656667,43.28294340214457,,0.5658450971513118,Weekday,,57.0,
18.288271766020024,43.54689950487565,1.9803204676832704,33.903203338400544,46.69170641519311,3.1134886039339404,Weekend,93.41935404298869,147.0,
17.170194297422814,48.95742238193719,2.410558152914598,49.498916212934965,10.928024194360884,8.60263689956114,Weekday,104.90382880547944,150.0,
24.747657533013644,82.18953229735494,1.8637528701109731,73.04793918227814,14.763736323171546,4.742267862553394,Weekend,83.41204723803614,189.0,
16.879099245888575,56.21339736886026,1.3472022529016383,49.78574340937044,22.744772389555717,2.6066109803387616,Weekend,41.39401075278143,106.0,
27.86759887537006,37.375879835201175,,18.467980282239537,43.61439806186144,3.798391250609983,Weekday,84.64655815193424,90.0,ok
33.04216827843015,76.13622808748076,1.8804276330930791,35.12952582515084,24.333911801281047,7.384616948497599,Weekend,48.56359646978633,198.0,
24.564867693503583,30.884604032314428,1.3952618859797103,21.46149543518884,25.65153618752697,8.843741013449314,Weekday,95.93504118998392,120.0,bad
27.233304355090887,43.05588532615158,1.5611339225192151,42.49048354694287,21.9338116913875,0.8393526551554009,Weekend,,90.0,
18.478253235435073,36.292079497482895,0.8819621409312732,54.0745473069128,29.5550164849053,0.4011822551116295,Weekend,,94.0,
23.955722333710042,34.68659699321275,1.8268111821137083,29.08868989035595,16.43287444300921,5.58661058236864,Weekend,102.6015481049376,105.0,
32.59794954820603,,1.3936097403590253,49.78037921506303,35.406628384620994,7.218195096615005,Weekday,95.9306744076797,125.0,bad
13.14710966909064,30.85178036932406,1.2909949036096326,45.694222621982696,29.871714740134856,5.7603412799765765,Weekend,53.41728688472183,143.0,
unknown,,1.1060976149333606,47.96878299699347,13.834181813345843,5.378757764985622,Weekend,118.47261589522256,154.0,
23.76909899781814,35.03484491966681,2.0101325668794545,47.695229608784686,33.74200048183799,3.34361051089895,Weekend,43.609189901125646,176.0,
30.082369487200115,43.47716476137493,0.6196411580402303,45.48477227577754,25.00700892988194,5.88789081277066,Weekend,91.1922512446774,87.0,
20.483724034266444,33.39561597709228,0.6076262227275343,48.44145984969003,11.282114783544417,1.688650225912749,Weekday,134.84446261940536,90.0,
19.00431148416638,87.29603119690589,1.6292307943782345,45.6772310721466,26.555898680993792,7.931339666730849,Weekday,29.0612698729759,89.0,
25.265496826152898,81.75531183930474,2.8695491741244825,40.36720569337398,29.522908012118467,1.9427471431265275,Weekday,151.83205168978816,103.0,ok
9.891875626816509,70.80391557926404,,13.617195751870572,16.146707881840804,9.014794464911011,Weekday,105.02756830808708,196.0,
37.166140968813295,84.93529408677051,1.3740416133752305,39.09252763956832,24.745590698669155,3.574714588574932,Weekday,147.50493055791003,70.0,
12.419282979390553,60.07131337257363,1.4684411160676525,,17.24303174459259,7.5797795484544945,Weekday,59.91543343266546,87.0,
24.095701800467182,72.88109280209366,1.4756616261750224,45.75141789017889,25.212076573776795,2.083990406938546,Weekend,111.56393832256823,114.0,
7.246362893338583,84.69147590803298,0.7507939029817551,14.786047723833224,23.26602621531582,3.272683951838382,Weekday,113.4416201343484,173.0,
8.150561168047155,40.21447002029625,1.6895558967237712,37.754938544837486,35.590218747519444,1.6049848425916802,Weekday,39.55377129522102,161.0,
28.439520921482746,75.51360197590016,,35.4291970062282,48.21289393661653,0.4628077541670738,,193.07215917691812,131.0,
22.52067474019002,30.89149704746165,1.1025888752760205,43.52296016660723,25.155647676820944,5.996071611488553,Weekday,57.34264342928198,183.0,
unknown,40.033831232861495,1.313852344402995,46.21797753255612,41.10249088967895,2.961778883411468,,50.47454617296864,74.0,
18.183149193656142,63.42325229706776,2.1085684034387526,25.77669156164264,14.15429536087592,3.1238525451542296,Weekend,6.872361262505351,193.0,
12.609513227375018,38.43672354070056,2.1047054230692126,22.48356042882224,23.399672405716927,5.765869963162786,Weekend,95.43558990939631,130.0,bad
21.785261878567812,36.34836672375305,0.9515148918389744,22.71047286512786,9.99033607298003,6.747920967503269,Weekday,72.36977026697801,165.0,ok
unknown,44.81282563076323,1.180215138980815,44.1578756663526,22.480700608279644,1.045310542563881,,89.26095102055213,104.0,
26.25799538770353,,1.7286720276746452,49.9204791554304,20.92795940773925,7.056473604513785,Weekend,110.44103062245216,126.0,ok
17.61180850020974,43.08976444394247,1.0091250693121123,37.49864005354965,12.03829159903766,8.470434184849301,Weekend,118.93754268132837,167.0,
35.793688237437735,57.20804959615556,1.3935686108524536,20.253360567812216,9.080164291226794,6.667162846747001,Weekday,36.21761215909003,67.0,ok
-5.020419680634621,,1.8008294113841052,35.22368060304583,36.302774681209975,1.9816203459403203,Weekday,101.58416022934703,174.0,
28.095013113881848,76.66782671683555,2.412894226587854,36.86129674102028,37.35419083723512,8.95972548694549,Weekend,142.6065710077512,183.0,
7.597822234459876,49.773990825008745,,,24.13171004992258,5.634101975738364,Weekday,129.14974274785564,186.0,
9.594430411665773,59.1128783008193,1.0663983650769835,21.84231713775539,28.75560293068316,8.707788336892934,Weekday,150.45858510849683,152.0,
10.02661334696661,85.14655275559225,1.5473413400707472,33.47319792228814,36.82937863037477,7.869780905887681,Weekday,173.6647765741675,176.0,
10.547644152970554,45.659047776970695,0.9464616809614864,68.3562289639911,10.153500408900095,6.420343009974206,Weekday,57.52111084213105,101.0,
25.618180946559278,69.5641335445247,2.384626036353257,27.668753637150235,15.051831613836814,9.561184242942316,Weekday,90.2338157004312,169.0,
12.694331932500816,47.199538282180654,2.2158018511792155,30.13489895522125,52.944847440974726,9.975101418402009,Weekend,190.72641709565664,108.0,
15.371326203683978,,,2.8994609401607576,-0.401357254397567,1.5942051808846114,Weekday,165.7705188104647,192.0,
14.244256295355875,62.60650186201928,1.3288241189240535,41.65933338377714,20.80102343104656,1.5958217114874371,Weekday,57.81730691659928,167.0,bad
6.478347747945861,37.69510948939418,1.6471690571845865,,12.50273277406484,2.6644316163103965,Weekday,60.540768558029846,89.0,
44.2872947192638,34.754073771039906,1.8892834994332848,34.794683071652386,22.13491069967749,7.830464229814023,Weekday,44.51719092957569,94.0,ok
27.469346485858733,69.5483256210194,1.2774705033526814,53.62475058894634,25.010599265050637,0.2187989105662158,Weekend,72.6043065578188,190.0,
29.287415348937543,64.59105116375873,0.9218596207672842,42.29461741790974,40.89607286962636,9.39084803836519,Weekday,143.0836379465257,199.0,
20.75193574736244,57.60560718305014,1.4634604415088446,66.16059938313478,26.016452687999237,6.893445624839667,Weekday,95.31220295215812,97.0,
4.124500151651567,77.82694384857207,2.0541106614293723,37.91511715871292,19.671906816401474,5.262558650689079,Weekend,60.60101620352935,150.0,
17.81872352230936,31.68448466776067,0.6551559217875992,32.57293615828801,27.008698274498418,1.1780269013792075,Weekend,158.97651705675634,57.0,
18.926195326389546,74.09986678025606,1.1196345970248684,43.18672653791484,34.166088905489914,9.870204926171752,Weekday,177.348325707439,159.0,
29.508307320903626,41.88370184848267,0.7171928155928919,57.274364823459685,16.135285810838212,8.906191857815454,Weekend,94.15836252060116,84.0,ok
25.477847885057752,78.8755676681296,2.426935373790974,25.837855246514216,28.204336502366974,1.3433296497884717,Weekday,99.53256910379132,159.0,bad
18.931872574961957,,1.393390275219483,65.07036671563814,24.66898727336093,9.525292519443123,Weekend,130.96653862757097,124.0,
,72.83531560026796,1.689166062749338,65.96131508309786,22.93513254796665,0.5761868993065666,Weekday,77.81231007228784,71.0,
0.7045110464289621,66.42304984118282,1.9664132307714437,30.059572726596123,37.05841297214352,7.162213233635709,Weekday,59.610841475561735,116.0,
unknown,65.93565895797204,1.2676764619829852,45.214191683500346,,8.682236666970745,Weekend,109.91641676738652,183.0,
41.67296606889141,51.40358936438778,0.8762353997142073,43.37722343398656,32.07114989901813,7.09338738183021,,52.38474902332112,63.0,
29.01196791871575,,2.1415139897424607,45.70721086067312,,7.233387341291774,Weekday,142.95177466438537,191.0,
15.584198683181604,,1.788534146628129,37.42849990744431,42.71892756008751,0.0210946825438651,Weekday,171.3460343044327,,bad
14.01788708111492,81.77645135747245,1.978463826009471,35.42148050033909,21.29035861972524,7.718587129308517,Weekday,99.85845176204144,88.0,
unknown,54.54490600752642,1.7156485825221643,48.881199407923816,38.51352844753436,8.16000399024093,Weekend,119.81699210193216,162.0,
11.186317965440706,,1.6798211466157402,30.87232799518996,11.63375940264195,6.888042366142849,Weekend,56.91473292787244,168.0,
44.09128688261583,87.09623774282954,1.690265468336395,63.7047539500461,14.359542105643328,7.56504726307578,Weekend,152.39356865463333,75.0,
21.45573270355346,,2.3664662183731395,56.112869750120296,19.52131887729621,8.85780377627743,Weekday,102.70809281534092,171.0,
9.095851862091411,54.81274315936543,1.817277899016585,47.33503874024576,33.07899721688877,0.7704092150327924,Weekday,31.484558081491542,123.0,ok
20.077364649581988,54.0287142344993,1.332537828470105,,3.2816700488524333,9.088784362333843,Weekday,77.01780277934685,154.0,
37.0610793912764,,1.9810882603794897,30.02448522863948,46.84023705357063,9.870573887242518,Weekend,88.25130520043945,155.0,
24.614268038420498,81.8956967614684,1.6121044495422927,41.56218627137302,34.75500448208348,9.657821617604194,Weekday,122.75218004578272,131.0,
21.069993875479426,51.11537688189895,1.317881634370771,32.03905878419712,30.149085832987627,7.2427972841346016,Weekend,113.81590358450688,108.0,bad
32.67016735079343,86.92448901368877,0.5767259892600904,23.363158754977547,26.64772277253704,0.5483238602043261,Weekday,69.23867506172661,55.0,
18.271616660289812,,,28.27335780172632,26.6286102527148,2.606009362746468,Weekend,144.51388818418715,118.0,
9.285912877503273,36.42021322272663,1.9036618297041736,7.874160226605319,29.260123244009016,8.982978270657453,Weekday,131.02478784192942,104.0,
27.16742278834401,36.03678407570832,1.532269275013798,57.48937708844211,33.42581436549233,8.741865650695134,Weekday,43.50205868981404,192.0,
16.072618324779825,86.75363442960926,2.764646372490727,14.294328649006534,20.80465860982449,8.234390551331948,Weekday,104.48709311355957,120.0,ok
14.957771852420269,44.72974938034866,0.6713697747179928,32.207743418202895,4.957117292916628,8.433719950082727,Weekend,160.5527534431916,144.0,
unknown,42.923359465537686,2.1419420869484758,,41.373030728691376,7.681602521039748,Weekday,171.68555346524403,155.0,ok
20.39032757798406,69.76506896763686,1.1431129281477936,42.71769337910062,31.544840434063328,2.6058091782074664,Weekday,191.8237974912668,166.0,
23.5543146120397,,1.6059355143226406,39.9278587955297,23.99422991943229,2.3167711074448603,Weekday,68.66208047659842,163.0,
27.377859064542314,71.9136764914939,1.104453222043846,62.14986832403504,6.730172927480115,9.552588933801871,Weekday,-72.40982509810223,89.0,
10.606745117313595,34.33528383657014,2.365284045893188,45.74893991453592,23.292270091404923,4.695379704737263,Weekday,27.481434765435324,52.0,
24.538805965505027,48.861651597878414,1.5199715963766642,61.81833051180119,40.65586770569258,7.534318541397051,Weekend,133.9317810104492,148.0,ok
6.01955605569829,34.17405200623019,2.0521377110830654,63.21592306472539,26.21555225184777,8.72623635686471,Weekend,109.286244750344,196.0,bad
unknown,86.30107831599466,,34.14958561553911,20.877931122240845,4.868430980254871,Weekday,6.963087319200341,86.0,
2.487843057361392,71.39757212861244,2.060384739317306,24.188490993089047,11.176186148226186,3.236047147723977,Weekday,196.65826676448512,92.0,
20.68075500855961,42.11884463797514,1.6155970911920636,,15.06949899419868,9.368210225665566,Weekday,45.99430869642096,175.0,ok
20.456734701193508,59.30186116149312,0.9144391026097228,45.47294858911354,17.911156989664896,2.5804406760599665,,143.41576554214973,188.0,
23.092582738076914,43.98046244641876,1.610610785812949,41.604757461498046,21.051045095507423,2.464548881301577,Weekend,184.48091154272072,107.0,bad
25.795613713293154,45.64726062927631,0.7330242507419545,27.90022208005092,36.02834028920012,0.0871701898994137,Weekday,182.26494433516677,62.0,ok
27.113086861910254,38.043659040770805,1.813473114269343,3.0863537595191275,32.685620722811414,2.7736185295867988,Weekend,107.93037223651072,102.0,ok
24.121825063144534,34.859812382613164,1.01076120240986,39.37615589130159,23.67307340658975,9.904260977873635,Weekend,110.02442982849738,194.0,bad
11.238786816819367,31.651258829948887,1.394929954423704,38.821721899637765,17.385749083144095,7.181655011016108,Weekend,79.73425528716275,135.0,bad
12.797005227455843,86.41391907091037,1.1161338874894513,18.959987021583014,26.47823209844553,2.8723614509674835,Weekday,125.73009750405308,174.0,
14.803698508791808,61.266313204467,1.5803970962262834,,15.416380453822857,6.257562454326453,Weekday,90.5377458881876,143.0,ok
33.241267952023826,55.753230550976205,1.771650800014408,25.83199540992609,34.806680420700914,3.849301389740308,Weekend,93.52714344917216,143.0,
26.435580174210322,38.47531841004202,0.6174928054052683,,22.81849943380716,0.925313591385446,Weekday,68.72874806673413,110.0,
26.841258553740875,55.94315980727693,0.9959030211267194,34.40174238895152,,0.8004878027276641,Weekend,93.64530861146962,158.0,bad
0.3823288994434719,32.7274269332552,1.620563536493225,33.312462598940606,29.987155972491077,3.597958836472852,Weekday,130.72356558366187,68.0,
10.575140986030627,60.02748239349619,1.3020143203736962,,27.812764060445524,2.161842137574768,Weekend,184.7677372717733,194.0,
10.272057421283892,30.31024339206069,1.479899644636706,57.19474659879015,34.58792612874119,1.7956175713145228,Weekday,61.05233492139276,129.0,ok
8.31303258607792,51.00773424307467,1.6528391601936785,58.08080847225155,24.81549386555976,2.403336457239225,Weekend,117.79583914422594,82.0,
35.106632341844424,66.49946266312485,1.8464905907329228,37.555662801603845,48.83101372446047,8.403647904056564,Weekday,,89.0,bad
38.94555512396242,49.14290961335747,1.4416226393082583,47.13210483795456,21.17125233902074,7.667834487666375,Weekday,106.74688439282212,173.0,
21.65345319904209,76.0679970227093,1.5310130946002318,44.32295459219072,22.888415381625645,9.976009065017358,Weekday,174.01612394786503,194.0,ok
11.112605820228776,49.00496967265854,1.438252502129723,51.181808392809614,24.060985389147,6.1766454140635965,Weekday,79.4296744024323,191.0,
15.236806324197062,,1.5305604345296755,,12.418770795218972,4.55402943043638,Weekend,63.33378180344212,69.0,
22.190852800444866,33.21419257782133,2.2532921327328435,20.650341966903664,9.918089144435276,5.063472176004,Weekday,120.23697568200696,159.0,
29.161613282024618,69.90532750717759,1.7091387730843972,19.747227233308077,29.063374290584196,3.12723773811586,Weekend,205.3737055936291,91.0,
2.9793624088251676,68.75364321592761,1.7730672322845855,45.47117940853579,,6.750932926501367,Weekday,144.05778648454037,192.0,bad
27.322625877827942,64.66969920641819,2.34226087730839,,25.228631075587007,3.8209463778959383,Weekend,87.12128478124633,174.0,
31.172672759640378,,1.586777314188901,46.33766650519691,28.888773221018923,6.906494490716295,Weekday,73.38073243190117,114.0,
19.961760495081474,34.20768968333736,1.5937175705469064,47.60828113968597,29.18817551440992,4.004263196818759,Weekend,79.70053967780578,175.0,
28.681224167993218,81.768273973476,1.5321451941727946,56.01250292240529,25.32767335901723,0.1501160556447622,Weekend,58.39391121821737,169.0,
16.75480452862027,35.47283611490465,0.2857348190635287,21.55612116587056,25.532141658367244,2.4323752630890683,Weekend,169.30811233236955,197.0,
20.156584164900686,45.20393792026698,1.2833217543099007,46.86507109894574,27.706745744358244,6.317083061163418,Weekday,58.01490752946666,102.0,ok
21.727417399039886,59.89039878796417,1.6785830441773475,22.803081693305376,11.441342736300603,7.828911933331925,Weekday,189.83326029280445,152.0,
18.64770681992255,40.96222198709476,1.8871907065036604,37.98183241615611,32.509136834193995,8.820576659538307,Weekday,145.1134554649808,136.0,
24.273615686273278,37.76610012782668,1.206182269385066,46.04437979590026,2.541807991340015,8.66163145108412,Weekday,174.35047044243737,124.0,bad
25.21421651232149,69.26374937569429,,52.89869363624644,24.635623712613366,9.066117157752586,Weekend,118.717405929826,180.0,
24.52118464084581,42.854102807668674,1.9280955460802816,11.600394810116534,24.859666673216942,6.4501279492034405,Weekend,84.25863349724702,54.0,
22.45621012141363,40.82881899042562,1.568508653866973,42.024467592352245,23.135488464555333,2.8206493678414137,Weekday,50.47506491341966,184.0,ok
7.224402899820868,79.16409363857618,1.3921145395593744,47.69925038874216,19.81780639691012,8.387500311640785,Weekend,68.22484021781445,167.0,bad
3.315087769657058,64.03311868287457,1.1761253893669996,59.951509024840256,16.301790350959624,4.414372470643031,Weekend,138.84415981913725,89.0,
26.466650524961935,61.85112507568235,1.9130983718608847,48.7102499512313,18.628442184616063,9.5363850858977,Weekday,-49.88091892866839,110.0,
9.965913921180082,59.23823624480545,1.0786608488684302,,35.27688805271228,3.3697735179513,Weekend,76.566766804234,61.0,
9.582685134548106,72.67018758713685,,49.50735827801665,25.27942531040012,2.355187195656676,Weekend,190.3178443291538,50.0,
14.047030578487519,54.06165712314247,1.423312091504521,38.015386220245865,24.67322053051204,5.580857007309412,Weekend,29.812567429400275,81.0,
16.493792295460153,84.93926280687623,1.6839717687653293,34.690693412879284,31.22326717916619,3.717697306467741,Weekend,15.635389577459875,174.0,
8.274340474137553,65.06739800360086,1.642646545593121,51.53631382957992,27.81053151569641,4.394368923823029,Weekend,54.80972289270514,109.0,
21.18219599627863,,2.0284695126490413,59.92006639997767,31.83940403679057,3.617488451652517,Weekday,106.72785006844704,76.0,
24.92214397245193,54.90419835540343,1.686603298544799,46.095098663204354,27.711757182072635,9.528488770997248,Weekday,89.54600170197189,67.0,ok
14.619591990644258,88.303539359229,1.9824159763764293,29.54180992513453,42.14322904779758,3.9747678016606,Weekend,105.96894371582763,109.0,
19.754255835630264,60.49293747204504,1.5561147052130877,59.11747174797903,40.30092436104904,3.1029440051064805,Weekday,32.22869414893452,137.0,
30.58012920924278,36.47153993518012,1.7780723320132263,34.88389555179954,33.50946788649139,6.88709758733448,Weekday,48.52191459647685,149.0,
37.50693749964593,62.96686292128838,1.639399559163663,49.58564224597363,16.129862451034786,7.538266886843377,Weekday,61.07153269286451,112.0,
-2.063717901591403,,1.1987753850921004,41.894656655662914,33.3827784252453,3.937281461184585,Weekend,-5.468016721302192,109.0,
9.582329671463572,37.28943339856302,1.4922367863200003,,15.993184236481802,7.999183662935026,Weekend,119.18707748622566,157.0,
16.91971196723726,79.0117912069931,1.5082493385656104,80.69351454338569,27.829676041364703,1.875684853473916,Weekday,143.31258035449275,153.0,
20.340396576454523,72.08670435105297,0.7354299309969744,40.011342855584665,39.12867808894482,4.420201963526438,Weekend,148.4384555395575,53.0,ok
30.34309466364904,39.49636989993318,2.769737560773785,17.849924827247804,16.39298034383466,5.494663314078138,Weekend,92.93069764497578,120.0,
33.51710780496069,63.415163477405336,0.8662260096298469,23.64225127260556,25.663110442251188,4.908255973306587,Weekday,144.95062946790802,117.0,bad
37.992036515644386,34.16648590729659,2.040398950843249,28.420386079163944,31.52624041453265,1.976732485413214,Weekend,88.17384968487015,67.0,
16.671982313805323,88.71338598337749,2.67812493595627,34.511608492718544,22.00257270522184,7.148678354113365,Weekday,-22.662011742316125,106.0,
28.34565563187492,75.37987035057043,1.8547247937496047,29.42350917774197,17.83605114220297,6.800634691978255,Weekend,60.13427364484841,133.0,
15.472428101310388,38.2545616588896,0.887074443477679,9.03788837349299,25.745871749979617,9.414537009495405,Weekday,151.0556759746376,78.0,ok
14.919259486770926,84.5031632917028,1.311280753632606,78.24095900589576,23.78455027502937,4.543816520377306,Weekday,115.23307365389137,75.0,
16.414909554526893,40.540483838290726,1.731666986767322,62.46477793175591,34.5239083698748,6.86406906452664,Weekend,174.54674009082964,99.0,
10.610324576279801,,,46.44187397273634,27.59270561929071,6.998004144817289,Weekend,22.299258349806976,94.0,
31.21957374840481,47.22315125859794,1.8004208928918504,35.628719380162444,25.718947819636075,5.860988729041988,Weekend,75.78152221147238,117.0,
-0.4903000442165393,72.14266312356597,,50.485084389785605,,6.064263539371657,Weekend,221.14091894808627,148.0,bad
10.933639216756355,88.23947557852549,1.369451731236539,52.664923809032686,36.890088837295664,0.0070801113200114,,74.66124822373823,172.0,
11.526512551316012,36.50406493813772,1.721829692802424,17.274367750296104,,7.519329783628377,Weekend,57.0336474980775,143.0,
6.895377160956098,47.58758367925088,1.3286186935282445,44.31364936918448,28.71008543817872,5.555831996505419,Weekday,42.77704253304854,74.0,
unknown,82.8418506679389,1.4938247084183616,4.374994231965204,10.363887102791784,5.769937924532092,Weekend,46.05178736832868,51.0,bad
19.327644747191286,32.74551203675577,1.7890493824820517,38.77157853290555,23.31700349425894,9.501694117562252,Weekend,14.679169994889577,60.0,
11.667414085248526,52.5674371128916,0.9077233754788052,28.316404656171272,36.24766242636044,7.695840511013927,Weekday,110.77537257941523,81.0,bad
16.012208267880684,35.16880871281742,1.8851374561028935,45.44361763626583,39.58295813613954,4.039534557464623,,75.99397769997657,85.0,ok
15.566218270009188,40.10702145953655,1.9084673272259884,32.98406872843245,24.648566001970075,0.2727466428508807,Weekday,,100.0,bad
22.31703277972683,64.79463710806371,1.5494859021597036,45.41999729675968,31.68839800646713,0.3285293576146142,Weekend,85.86487873639344,187.0,
36.13156782601648,,2.370484452615212,93.38819104643406,33.90984542706235,6.105922782072808,Weekend,161.53127451867385,113.0,
19.063184642218843,78.69108036343191,0.8105222543562578,30.43398283582862,32.74653087344096,8.946659491059753,Weekend,116.87438073257164,181.0,ok
34.41865688715781,45.35438633034818,1.3130026905810637,25.263535861152995,17.929757650564564,1.469395115504588,,91.35101259287272,169.0,
32.33597323275654,59.58786906684813,1.718248390826254,64.97452281094465,33.81953055547647,4.804106157305604,Weekend,68.29724934317565,142.0,
8.102721047611777,39.393619398049736,1.7215837320978724,56.525906768469085,10.58738004170728,4.547670418358472,Weekday,74.78277848039775,144.0,
6.472056365626138,32.15483149303152,1.2061990443434498,33.30509990147818,24.10127640826465,1.6588096213411108,Weekend,197.8870301774597,112.0,
24.85403459164546,56.24720560999932,1.9404580732209036,31.615190783226467,14.990716710256224,2.5452358314889367,Weekday,115.08293874302048,70.0,
unknown,82.05013431047752,2.6354536886206965,15.565564478043264,28.5358059946972,9.159193169780467,Weekday,58.610754271700735,84.0,ok
12.374242452805426,48.15681800424251,1.6130210197063282,44.56213657438626,30.753538061452662,4.2823493173326295,Weekday,74.3274370707014,123.0,
22.735964553951437,39.248426894828434,1.8196882086830304,62.98848290255469,,1.1032886006743692,Weekday,68.3680601176076,197.0,ok
22.174617549085166,84.22096060199505,0.967653120719734,31.916226199320093,24.871980031663465,1.7032281608234578,Weekend,121.7611346589695,191.0,
-4.161199977445786,38.72782751199761,,50.63230505017377,25.957952556474535,5.837032768480474,,88.17263407012179,121.0,
21.584085068408644,,1.5195348776717856,23.548703948813937,-0.1503998966635862,7.665674360697928,Weekend,68.91867182160969,74.0,
17.353623043380793,,1.507020637532332,29.647101200459907,9.211039681578054,0.7775884718339565,Weekend,97.2387676765014,70.0,ok
15.900003080971441,44.45825809456629,,44.29381925903589,22.36691951278899,2.023252106864102,Weekday,54.16619384539818,94.0,
26.017149637263458,30.28595923000555,0.1712814531584938,62.3801168975464,,8.373788395780933,Weekday,110.83539620489124,194.0,ok
,52.15627806780405,0.9286564210444352,43.85074385988506,33.83410834929286,5.37933997450172,Weekday,138.10599596087272,105.0,
24.67191923719496,40.76948883595632,1.7610209155243073,,13.87959187009171,1.7590429265574092,Weekday,44.70954390830325,127.0,
10.134095805622183,45.47480164942316,1.9159641270533896,45.438716201048685,12.190847325831689,2.163492083297051,Weekday,204.038555248426,117.0,
33.265755369114096,78.5845133733698,1.592429416738837,31.610427547917407,33.309720372452055,4.290333044190077,Weekday,57.181030652042615,78.0,
30.19190300591294,43.913091916017976,1.6176456969091273,-0.4502023742672705,30.760060790239987,2.893025154718034,Weekend,88.24570428488808,113.0,
15.771326132036858,61.73655797416177,1.8997861262551967,53.75577427160404,36.51069546099647,6.61005073187992,Weekend,99.98164340922978,143.0,ok
22.713413414368727,,1.0818718964140757,53.20339522231468,17.492930542390464,4.276065988849519,Weekday,11.817485429246844,153.0,
20.42388199145529,42.882419660089305,,38.708332667653856,29.011879035478465,6.630118200259803,Weekend,81.59293133490144,53.0,
21.26722904702984,81.7638180114335,,,27.897777427680296,7.27051454295947,Weekday,106.55862738555506,164.0,
23.031879763639193,65.07459772485461,1.7655698648360616,48.17136148431162,9.03814578313514,4.855025382271947,Weekend,79.8150839434635,117.0,
15.552733043613618,84.61608737485714,1.2907330748067651,,44.30685408395803,6.095173442147866,Weekend,98.1366236289008,61.0,
14.785128438042587,61.417436095205765,0.3032322001747505,74.04898491152866,18.018508005898312,4.056538298832963,Weekday,128.26269591746475,164.0,bad
26.481877712940296,65.07208240761406,1.430279907357923,45.76397700054908,20.65947211628471,0.6795860710697998,Weekend,64.02486346216344,148.0,bad
14.393816292206132,72.15318074601335,1.6671997455886156,26.184155528481178,24.7214488329592,8.6764289381575,Weekday,126.00596074600172,122.0,bad
3.409947601046671,30.014542872425015,1.6335513961482642,42.27071838538934,11.596262209635142,6.170670070437634,Weekday,185.21723590751503,51.0,
27.610056886614046,43.85776406897979,1.2981855594986365,34.62981244115444,25.53601779048547,0.7866923496533496,Weekday,-12.77345778760062,186.0,
,,0.7727527311882519,50.162136787417744,37.97694896795349,3.2918176978246527,Weekday,146.28153191686576,199.0,
-1.3496069694190922,,2.264309114534675,61.90879145017198,27.304882746904696,4.101240911974222,Weekday,47.77435230386382,162.0,
12.510378127858477,56.535683175332366,,35.29520660655524,24.23961379881186,7.831237552207221,Weekend,99.9033722845017,92.0,
17.839126054820564,46.56386962004369,,49.68604986643584,17.96975344985798,8.780288809717195,Weekend,90.33552649117824,176.0,
unknown,51.57628662476193,1.1394555790344605,40.22260491010598,15.686337306591843,0.6060580172096974,Weekday,125.3299206479458,178.0,
2.4283502834530957,55.44699416628616,1.3053546075801603,48.49515944975597,19.27920118716616,4.282863273274237,Weekday,194.30173791640107,61.0,ok
13.991382204276213,67.49384357302603,2.0066189869470774,22.521384173450933,29.03347412100534,0.5819053150386078,Weekend,131.9149117201838,87.0,ok
34.60945339087261,57.02103111601171,2.276576551739887,53.79234846367283,23.75002000245545,8.966002165997072,Weekday,30.64868110481538,142.0,
19.94083411082356,32.533932589132384,1.927386643529341,63.971282815192026,,5.537666708719834,Weekend,77.7404468242409,158.0,bad
16.51569399701846,38.881244759983474,,,18.3823999614288,3.97182852916416,Weekday,45.6891968033572,82.0,
27.185091268303466,44.29204297082589,0.8851049405049748,84.0181701155129,17.095225537526744,0.0132445639276135,Weekend,181.3526259985248,172.0,
12.889859094672868,53.00291398664937,1.5081629505655525,37.1552994643438,29.6495544619816,5.62130146832472,Weekday,-16.0752418457551,64.0,
24.28062202215011,84.65674331282905,1.255187882296171,22.79294836473304,18.83061524311164,7.189514989844615,Weekend,135.6324139735138,199.0,
27.585414888948876,50.56610274001771,0.9055426529931172,28.5534466025506,34.62453143948312,3.1392893465232063,,168.91230789248715,153.0,
11.614240630625877,65.78180288025858,2.569381495802129,,25.589560028641262,4.036349177847331,,101.18361221996344,150.0,
9.752256478147626,34.11294573891601,1.364020932100512,45.18162001196941,28.939475808574223,6.740989705208608,Weekday,101.31971442387696,194.0,
unknown,46.02641791165171,,17.04661411456037,14.869570958452048,4.352442567284497,Weekday,31.94322004556426,159.0,
33.631930006282616,42.171939577785615,1.877705201000796,45.43448515149432,28.116346280468303,0.233229678434923,Weekend,106.1592848225534,142.0,
17.988225251811123,84.73582120873154,1.4159343879241886,45.51349775897087,25.59345791233817,2.690080566455197,Weekday,99.26293896810697,173.0,
2.920199643749992,79.81706564110914,2.4163328899555774,47.24820422376478,38.39817742833886,5.086188852605731,Weekday,120.60155474814516,62.0,
21.62881673493397,72.86660685178424,1.4434877976591016,38.852824975464095,27.240710008031343,7.295776030166325,Weekend,85.92011157162814,,
9.857382437431536,64.80410610337498,0.7826778157817942,44.48732822463701,8.272300334735903,5.814431946185005,Weekend,79.41323909947708,149.0,
6.791835775764508,73.92349866399809,2.374209758307896,43.57450894194966,10.596635976200858,3.848782134568598,Weekday,94.6433100363369,110.0,
21.923462764994103,,0.7067165196779372,35.50464656067848,12.080825075693948,8.815115111403545,Weekday,53.9832962530241,,
,59.86195681310122,2.133443115699101,41.65763247455826,30.46325289602784,4.871299665892589,Weekend,108.82277480116328,114.0,
17.33189202772669,66.46392739613161,2.0436830738431784,16.244422214784855,24.30059979808425,5.382278456870907,Weekday,67.0095896478646,75.0,
29.0253421258994,69.58900932943575,2.579862723517436,60.37524261299095,15.6683695684739,6.937205212602503,Weekend,132.79705497118147,154.0,
8.278690454589563,53.43758381991333,1.3838419983418633,,2.022089279457969,5.074676911189222,Weekday,61.41323174772983,146.0,
23.901585052890006,66.23806140207897,2.4340221120964136,33.61208130703654,,8.812021249307442,Weekend,121.82380483867148,146.0,bad
28.82507641595834,75.41324975628694,1.6442118144754538,46.23178384320445,20.243700031515917,0.1547359287747318,Weekday,-12.71134531138746,172.0,
-4.623002997576748,75.92618124426261,2.151195149020783,39.49699676324144,35.24738458601611,3.385239498152369,Weekday,53.09871433047167,86.0,
23.950531923255724,69.67310261534783,1.0553331136732025,52.11109014356145,28.90438645015979,1.0718496719055792,Weekend,70.34244991666371,92.0,
34.761176813480624,37.07415232510003,1.6182668098400597,,26.811536709958062,9.790326001698515,,72.50264644048144,143.0,ok
25.392015678003773,67.72209462289425,1.4890460201181035,45.39989625709285,31.74178622457866,9.782144271895945,Weekend,117.21915094979524,68.0,ok
22.05946120504551,33.78869667602165,1.3134903954037231,8.565978197592386,34.708712647284685,5.701484024692119,Weekend,161.85489029364987,111.0,
18.740247836393642,,1.2548627049062624,40.94043948296523,40.893271023433776,8.753806602791357,Weekend,65.28279314239532,171.0,
1.3430909923655605,55.35606098407207,1.37770909500899,23.27910662809409,20.71973826045512,9.063294396269615,Weekday,102.80221254577376,57.0,ok
26.790331309627028,40.12877835844032,1.4731833774839225,46.44403289906492,21.49298327441858,8.705620017694693,Weekday,179.36450351778322,50.0,
12.797890947454622,60.63771675305472,1.2060195143746952,86.08255365687666,,8.006442773079085,Weekend,32.053829315388526,73.0,
14.916146168074647,,1.6190142011975417,32.956307012774026,21.183963632195628,2.60243387750023,Weekend,109.04698176560096,108.0,
22.781997891499458,39.77183999889198,1.5423382676306892,46.92900873530546,44.15539931972839,8.324241109215343,Weekend,115.17203720862258,109.0,
16.282896084172826,58.1483874883956,0.5756022196800848,27.248462547287904,,9.213181540918818,Weekend,81.3093038097519,112.0,
17.18445883369439,81.6852502724857,,48.99323318414358,21.526157161924527,2.4719636057450267,Weekday,108.8812989864054,159.0,
15.100425943201138,35.88938403954575,1.7165452244054735,54.0875472405682,38.2830525411091,6.887433539849463,Weekday,131.9311459834473,146.0,
28.063855593209283,63.02007286748263,1.5465596529855827,44.53698128332887,29.14319198603388,8.521887095575194,Weekday,152.8897009558114,192.0,
15.002090600748783,50.57500524221665,1.4932737973056731,21.288897454093952,10.809920486718402,7.653746221144805,Weekday,82.17183930834474,94.0,
28.411727028905208,87.46505660606,1.4116681309395105,67.7080906327981,0.3817516539575329,9.362728841907424,Weekend,-3.85098695842305,,
47.56033026193349,77.30880676188605,1.9536437954471664,55.522461886085146,18.285715869920764,2.2931904075116893,Weekend,80.01902595340351,145.0,
9.549497224973182,70.60194354869354,2.2032931071134225,27.926880726952504,13.736473537787347,7.04537939405533,Weekend,108.92329621786376,183.0,
unknown,56.57362087455192,,34.06258380810959,,1.625535332813941,Weekend,133.3720084786491,82.0,
30.6940487372763,74.67513286007821,0.7647241781203389,15.23593091634064,40.22449279957088,9.209108641984134,Weekday,41.37010412629246,89.0,
27.955530564361464,,1.400474804420726,53.13907992679432,13.71152030356477,2.9346153625405123,Weekend,154.3104668657262,100.0,
33.38270890631762,78.56892118587999,1.276418810924479,11.959135460152474,34.60520026306308,3.5112928334876115,Weekday,103.99180022841388,59.0,
13.494716036907032,30.34531980525991,1.9335885354515676,6.537090542238694,45.29207656036496,3.7885760266902047,Weekend,77.2694769469754,58.0,bad
5.749184990029272,40.28820105740442,1.742985528439969,,30.820926918997905,5.259414283183821,Weekend,104.1543540425415,106.0,ok
17.0713871285793,53.91023634310171,0.4707987329587024,24.69926509532124,,5.268367119496277,Weekday,,86.0,
24.538805965505027,48.861651597878414,1.5199715963766642,61.81833051180119,40.65586770569258,7.534318541397051,Weekend,133.9317810104492,148.0,ok
24.095701800467182,72.88109280209366,1.4756616261750224,45.75141789017889,25.212076573776795,2.083990406938546,Weekend,111.56393832256823,114.0,
13.816135905234235,72.45490541616778,2.0072345362181494,17.352392784013404,24.319343435918825,1.9182380219398176,Weekday,81.2765538225908,171.0,
28.411727028905208,87.46505660606,1.4116681309395105,67.7080906327981,0.3817516539575329,9.362728841907424,Weekend,-3.85098695842305,198.0,
17.95379001503359,66.79234717039398,2.12206791390463,24.845148863748683,,8.877452489311658,Weekend,71.38113108803907,96.0,
6.651225220229495,67.28311224784969,1.9339960248593824,34.24596705473989,15.54106653281872,9.627556095264234,Weekday,-8.467440198089292,53.0,
6.468191464658165,78.22476956063602,,47.01936264741582,30.155813567094363,6.999582075756324,Weekday,138.79177040171885,179.0,bad
20.156584164900686,45.20393792026698,1.2833217543099007,46.86507109894574,27.706745744358244,6.317083061163418,Weekday,58.01490752946666,102.0,ok
21.249664809057347,37.80195892990387,2.059841058067579,38.73720425453118,3.579732589925012,5.081616915688714,Weekday,34.60396073188731,165.0,
25.31082083272686,58.32941946644631,,45.77824586773647,19.68005059526664,2.97180666470233,Weekend,114.34061913374644,155.0,
42.55276362590473,61.53050467255211,1.0694384823929517,46.9809815323579,24.90124135558944,5.523832004136021,Weekday,128.724193701732,123.0,
10.6406864625455,56.67499205550483,1.1028110254805994,27.0126094872446,31.072242470244376,1.1588834677200266,Weekend,79.40562481023417,60.0,bad
30.041256510662556,51.28166817815689,0.9867946900675978,39.37489552593686,3.7375772079089415,1.3031267948944103,Weekend,40.49461533703387,180.0,
unknown,65.93565895797204,1.2676764619829852,45.214191683500346,34.82405506575945,8.682236666970745,Weekend,109.91641676738652,183.0,
21.78040436686481,58.56373965907768,1.7829703683931362,45.43981040222842,27.78772126932214,9.699707059021382,Weekday,130.4859738621458,142.0,
38.566596809163855,73.6379229728734,,38.11157150277604,39.33878301351012,4.0236062201827085,Weekday,4.601691157813832,182.0,
26.017149637263458,30.28595923000555,0.1712814531584938,62.3801168975464,29.57640743089199,8.373788395780933,Weekday,110.83539620489124,194.0,ok
21.45573270355346,,2.3664662183731395,56.112869750120296,19.52131887729621,8.85780377627743,Weekday,102.70809281534092,171.0,
28.095013113881848,76.66782671683555,2.412894226587854,36.86129674102028,37.35419083723512,8.95972548694549,Weekend,142.6065710077512,183.0,
13.772702675854662,59.96089128116495,1.4332593379692442,53.69283955017835,14.51056562375525,0.8046203000872221,Weekend,54.63256753773599,188.0,
30.6940487372763,74.67513286007821,0.7647241781203389,15.23593091634064,40.22449279957088,9.209108641984134,Weekday,41.37010412629246,89.0,
26.201765192663107,69.65869348136309,1.5304765663316249,30.602648444848185,34.16670505275919,4.810361283663757,Weekday,132.72213809384797,140.0,
20.75193574736244,57.60560718305014,1.4634604415088446,66.16059938313478,,6.893445624839667,Weekday,95.31220295215812,97.0,
13.025079375027646,89.18335515290727,2.1688968586416646,,3.505352595657911,4.111823804937679,Weekend,58.08718071315403,119.0,ok
27.185091268303466,44.29204297082589,0.8851049405049748,84.0181701155129,17.095225537526744,0.0132445639276135,Weekend,181.3526259985248,172.0,
